{
   "id":22062232,
   "custom_id":null,
   "meta_data":{
      "latitude":null,
      "longitude":null,
      "date":"2021-06-28",
      "datetime":"2021-06-28"
   },
   "uploaded_datetime":1624881923.496076,
   "finished_datetime":1624881924.130878,
   "images":[
      {
         "file_name":"757562b36f1942209d4c96720967dfe8.jpg",
         "url":"https://plant.id/media/images/757562b36f1942209d4c96720967dfe8.jpg"
      }
   ],
   "suggestions":[
      {
         "id":148452111,
         "plant_name":"Taraxacum officinale",
         "plant_details":{
            "common_names":[
               "common dandelion"
            ],
            "edible_parts":[
               "flowers",
               "leaves"
            ],
            "propagation_methods":[
               "division",
               "seeds"
            ],
            "synonyms":[
               "Chondrilla taraxacum",
               "Leontodon taraxacum",
               "Leontodon taraxacum var. vulgare",
               "Leontodon vulgaris",
               "Taraxacum dens-leonis",
               "Taraxacum officinale subsp. vulgare",
               "Taraxacum palustre var. vulgare",
               "Taraxacum taraxacum",
               "Taraxacum vulgare"
            ],
            "taxonomy":{
               "class":"Magnoliopsida",
               "family":"Asteraceae",
               "genus":"Taraxacum",
               "kingdom":"Plantae",
               "order":"Asterales",
               "phylum":"Magnoliophyta"
            },
            "url":"https://en.wikipedia.org/wiki/Taraxacum_officinale",
            "wiki_description":{
               "value":"Taraxacum officinale, the common dandelion (often simply called \"dandelion\"), is a flowering herbaceous...",
               "citation":"https://en.wikipedia.org/wiki/Taraxacum_officinale",
               "license_name":"CC BY-SA 3.0",
               "license_url":"https://creativecommons.org/licenses/by-sa/3.0/"
            },
            "wiki_image":{
               "value":"https://plant...f.jpg",
               "citation":"P\u00f6ll\u00f6",
               "license_name":"CC BY 3.0",
               "license_url":"https://creativecommons.org/licenses/by/3.0/"
            },
            "scientific_name":"Taraxacum officinale",
            "structured_name":{
               "genus":"taraxacum",
               "species":"officinale"
            }
         },
         "probability":0.8093659420386023,
         "confirmed":false,
         "similar_images":[
            {
               "id":"4be03de02e22a9a9c834052eb0eb39bb",
               "similarity":0.6665844130453076,
               "url":"https://plant...0eb39bb.jpg",
               "url_small":"https://plant...0eb39bb.small.jpg"
            },
            {
               "id":"fd921e3d368b2135c1e480bcda448e25",
               "similarity":0.38957578260133574,
               "url":"https://plant...a448e25.jpg",
               "url_small":"https://plant...a448e25.small.jpg"
            }
         ]
      },
      {
         "id":148452112,
         "plant_name":"Taraxacum erythrospermum",
         "plant_details":{
            "common_names":[
               "red-seeded dandelion"
            ],
            "edible_parts":[
               "flowers",
               "leaves"
            ],
            "propagation_methods":null,
            "synonyms":[
               "Leontodon erythrospermum",
               "Leontodon erythrospermus",
               "Leontodon laevigatus",
               "Leontodon taraxacum var. laevigatus",
               "Taraxacum austriacum",
               "Taraxacum austriacum var. denubium",
               "Taraxacum austriacum var. punctatum",
               "Taraxacum laevigatum",
               "Taraxacum laevigatum f. scapifolium",
               "Taraxacum laevigatum var. erythrospermum",
               "Taraxacum officinale var. erythrospermum",
               "Taraxacum officinale var. laevigatum",
               "Taraxacum punctatum",
               "Taraxacum scanicum",
               "Taraxacum taraxacum var. laevigatum",
               "Taraxacum tauricum"
            ],
            "taxonomy":{
               "class":"Magnoliopsida",
               "family":"Asteraceae",
               "genus":"Taraxacum",
               "kingdom":"Plantae",
               "order":"Asterales",
               "phylum":"Magnoliophyta"
            },
            "url":"https://en.wikipedia.org/wiki/Taraxacum_erythrospermum",
            "wiki_description":{
               "value":"Taraxacum erythrospermum, known by the common name red-seeded dandelion, is a species of dandelion...",
               "citation":"https://en.wikipedia.org/wiki/Taraxacum_erythrospermum",
               "license_name":"CC BY-SA 3.0",
               "license_url":"https://creativecommons.org/licenses/by-sa/3.0/"
            },
            "wiki_image":{
               "value":"https://plant...4.jpg",
               "citation":"Javier martin",
               "license_name":"CC0",
               "license_url":"https://creativecommons.org/publicdomain/zero/1.0/"
            },
            "scientific_name":"Taraxacum erythrospermum",
            "structured_name":{
               "genus":"taraxacum",
               "species":"erythrospermum"
            }
         },
         "probability":0.11519229401471831,
         "confirmed":false,
         "similar_images":[
            {
               "id":"5fda47388d59246a34107f83de074229",
               "similarity":0.8107533517457877,
               "url":"https://plant...e074229.jpg",
               "url_small":"https://plant...e074229.small.jpg",
               "citation":"Ueli Schmid",
               "license_name":"CC BY-SA 4.0",
               "license_url":"https://creativecommons.org/licenses/by-sa/4.0/"
            },
            {
               "id":"0122dbe429a419f9f661f9caabd39837",
               "similarity":0.47305731789173033,
               "url":"https://plant...bd39837.jpg",
               "url_small":"https://plant...bd39837.small.jpg",
               "citation":"Spencer",
               "license_name":"CC BY 4.0",
               "license_url":"https://creativecommons.org/licenses/by/4.0/"
            }
         ]
      },
      {
         "id":148452113,
         "plant_name":"Taraxacum",
         "plant_details":{
            "common_names":[
               "dandelions"
            ],
            "edible_parts":null,
            "propagation_methods":null,
            "synonyms":[
               "Caramanica"
            ],
            "taxonomy":{
               "class":"Magnoliopsida",
               "family":"Asteraceae",
               "genus":"Taraxacum",
               "kingdom":"Plantae",
               "order":"Asterales",
               "phylum":"Magnoliophyta"
            },
            "url":"https://en.wikipedia.org/wiki/Taraxacum",
            "wiki_description":{
               "value":"Taraxacum () is a large genus of flowering plants in the family Asteraceae, which consists of...",
               "citation":"https://en.wikipedia.org/wiki/Taraxacum",
               "license_name":"CC BY-SA 3.0",
               "license_url":"https://creativecommons.org/licenses/by-sa/3.0/"
            },
            "wiki_image":{
               "value":"https://plant...b.jpg",
               "citation":"Markus Bernet",
               "license_name":"CC BY-SA 2.0",
               "license_url":"https://creativecommons.org/licenses/by-sa/2.0/"
            },
            "scientific_name":"Taraxacum",
            "structured_name":{
               "genus":"taraxacum"
            }
         },
         "probability":0.02598454748305346,
         "confirmed":false,
         "similar_images":[
            {
               "id":"af773b4e5b50f1a8285ade5fb34d3468",
               "similarity":0.7365460851577837,
               "url":"https://plant...34d3468.jpg",
               "url_small":"https://plant...34d3468.small.jpg"
            },
            {
               "id":"66f444eca0c1c53e788fefbe965c371e",
               "similarity":0.6438476565933042,
               "url":"https://plant...65c371e.jpg",
               "url_small":"https://plant...65c371e.small.jpg"
            }
         ]
      }
   ],
   "modifiers":[
      "crops_medium",
      "similar_images"
   ],
   "secret":"...",
   "fail_cause":null,
   "countable":true,
   "feedback":null,
   "is_plant_probability":0.9976788443333332,
   "is_plant":true,
}
